"bnft_yr_start_mo","lwia","claimant_count","employer_count","avg_cert_time_lapse","avg_pmt_time_lapse"
2020-04-01,3,13777,2981,11,15
2020-05-01,7,93129,20265,10,14
2020-03-01,19,1811,620,13,14
2022-07-01,6,992,774,8,13
2022-09-01,7,6401,3730,8,14
2021-04-01,7,14568,5293,12,15
2022-12-01,7,12061,5811,8,12
2021-04-01,26,262,137,10,14
2023-05-01,20,330,230,8,14
2020-01-01,7,10322,5157,8,12
2020-07-01,3,2224,709,10,13
2020-11-01,25,988,545,10,12
2020-10-01,1,6269,3169,8,9
2020-08-01,22,754,420,14,16
2020-09-01,3,1061,523,9,11
2020-05-01,4,3671,1405,12,15
2024-07-01,3,551,351,7,15
2023-02-01,7,8498,4704,8,13
2020-10-01,17,2117,880,9,9
2024-04-01,2,389,339,8,14
2021-11-01,7,5737,3237,10,17
2021-01-01,2,1973,1290,10,14
2020-11-01,24,1724,977,9,11
2024-07-01,2,380,322,8,12
2020-12-01,17,2062,1028,9,12
2024-04-01,,741,495,9,18
2020-11-01,17,1767,821,8,10
2023-05-01,7,8471,4200,8,14
2021-06-01,11,760,452,10,12
2022-06-01,22,379,184,9,14
2023-04-01,5,1451,1015,8,11
2020-04-01,23,8262,1677,12,14
2022-01-01,5,2205,1399,9,12
2020-11-01,22,1640,881,9,10
2020-06-01,2,2153,845,15,18
2024-04-01,1,807,616,8,14
2022-06-01,6,1033,655,8,15
2020-07-01,13,586,276,12,15
2023-02-01,4,608,392,8,10
2020-10-01,18,579,259,9,10
2024-02-01,24,413,284,8,15
2020-05-01,19,1965,567,11,13
2021-05-01,25,894,433,10,13
2020-07-01,11,694,378,11,13
2020-03-01,4,5689,2012,12,14
2022-11-01,3,768,512,8,13
2020-01-01,5,1913,1196,7,10
2022-06-01,24,567,296,9,15
2024-04-01,13,242,134,7,13
2023-01-01,2,681,556,8,10
2022-10-01,3,655,418,7,14
2023-03-01,11,277,222,8,12
2022-01-01,3,1895,638,8,10
2021-10-01,13,463,128,8,12
2022-12-01,6,1776,1279,8,11
2020-02-01,24,601,387,10,14
2020-06-01,13,830,346,19,21
2020-01-01,19,272,187,7,13
2020-05-01,20,3682,1172,10,12
2021-07-01,17,1074,598,9,11
2021-06-01,5,2638,1419,13,17
2020-12-01,18,593,280,8,14
2023-02-01,20,338,244,8,11
2021-12-01,,1128,698,11,16
2022-03-01,3,524,302,8,11
2022-02-01,22,277,200,9,12
2023-04-01,20,421,302,8,12
2021-08-01,1,1112,796,11,19
2022-02-01,13,194,130,8,11
2021-12-01,11,471,282,8,11
2021-01-01,13,1009,498,10,14
2021-07-01,26,550,379,8,11
2024-01-01,6,1478,1172,8,12
2023-11-01,23,434,288,8,11
2023-01-01,21,253,194,7,8
2022-04-01,2,372,307,8,15
2021-03-01,21,184,134,10,15
2021-12-01,5,1885,1097,8,12
2022-06-01,15,683,372,8,13
2023-08-01,10,1154,776,7,12
2024-06-01,15,1070,510,8,14
2021-09-01,5,708,580,11,16
2023-09-01,6,1240,1003,8,13
2023-09-01,19,177,122,8,17
2021-10-01,21,142,126,10,14
2024-04-01,21,125,106,7,12
2021-05-01,23,893,458,9,12
2021-01-01,21,795,493,9,11
2022-05-01,1,757,523,8,16
2024-06-01,1,1203,749,8,13
2023-07-01,22,404,264,8,13
2022-07-01,14,160,125,9,16
2021-05-01,24,1351,675,11,15
2023-09-01,14,255,193,7,14
2020-08-01,25,603,330,11,16
2022-03-01,5,738,566,8,13
2024-07-01,26,152,104,8,12
2022-06-01,,1306,567,8,11
2022-04-01,1,746,566,9,15
2021-11-01,20,298,207,9,15
2024-10-01,20,79,70,7,7
2024-10-01,4,90,71,7,7
2022-06-01,19,183,97,8,16
2023-10-01,26,163,128,7,12
2021-08-01,22,1008,652,8,17
2021-03-01,2,398,318,11,17
2022-02-01,21,158,132,8,9
2024-03-01,17,329,245,8,15
2020-01-01,10,1834,1180,7,10
2024-01-01,10,1866,1308,8,11
2023-01-01,13,431,244,8,10
2021-04-01,3,1345,510,10,13
2022-06-01,23,434,189,8,10
2020-02-01,17,438,315,11,18
2024-08-01,5,1175,860,7,11
2020-07-01,26,382,214,12,16
2022-02-01,,966,615,9,11
2023-11-01,6,1201,1013,8,13
2024-09-01,11,244,185,7,9
2022-12-01,23,730,421,7,9
2022-05-01,2,354,287,8,12
2022-04-01,25,287,190,8,12
2022-08-01,15,576,385,7,12
2022-10-01,26,209,141,8,11
2022-01-01,26,255,153,9,11
2024-05-01,11,321,205,8,13
2023-12-01,,1646,928,9,13
2024-06-01,25,441,234,8,13
2023-08-01,19,192,117,9,17
2024-09-01,22,265,198,7,10
2022-09-01,21,123,103,8,10
2022-07-01,20,275,205,8,12
2024-10-01,23,60,48,7,7
2022-12-01,18,275,141,8,14
2023-05-01,14,210,139,8,13
2023-04-01,26,172,112,8,13
2022-12-01,19,296,198,7,11
2020-08-01,18,236,120,11,17
2022-08-01,25,229,171,8,13
2023-02-01,19,222,138,8,12
2022-03-01,26,105,83,7,12
2022-09-01,26,98,80,7,11
2023-10-01,17,364,236,8,15
2024-01-01,19,236,177,8,12
2024-05-01,22,335,215,8,14
2020-09-01,26,257,166,9,10
2022-04-01,11,296,208,8,13
2022-05-01,21,177,114,7,12
2021-04-01,19,232,142,10,14
2022-08-01,11,232,138,8,9
2023-09-01,23,348,229,8,14
2021-08-01,18,156,110,8,14
2024-10-01,13,69,46,7,7
2024-07-01,21,121,101,8,13
2021-07-01,14,855,541,8,11
2024-01-01,4,1067,608,7,10
2024-04-01,25,219,153,7,16
2020-02-01,14,337,211,9,11
2021-06-01,22,1144,590,11,15
2022-10-01,2,466,346,7,10
2021-08-01,20,503,379,8,19
2024-03-01,14,204,156,8,14
2023-08-01,26,111,87,8,15
2023-11-01,4,549,385,8,12
2021-09-01,22,280,214,11,18
2024-02-01,23,341,237,8,13
2020-09-01,2,644,495,9,10
2020-07-01,,2752,1504,16,20
2023-03-01,18,101,72,7,13
2021-12-01,22,366,226,10,13
2020-02-01,6,1767,1358,11,16
2022-09-01,11,232,185,7,11
2022-03-01,2,320,267,7,13
2023-03-01,,951,547,10,13
2024-07-01,5,1099,796,7,13
2023-01-01,11,548,394,8,10
2023-09-01,10,1087,857,8,14
2022-07-01,10,930,683,8,12
2023-10-01,3,602,423,8,14
2023-02-01,3,650,451,7,12
2024-06-01,6,1542,1014,7,13
2023-05-01,21,165,136,7,10
2020-01-01,26,229,150,7,10
2021-11-01,2,434,341,10,16
2022-08-01,24,323,244,9,15
2022-10-01,21,205,167,7,11
2021-11-01,26,141,100,11,17
2023-05-01,13,304,121,8,13
2022-02-01,25,258,179,9,12
2022-02-01,11,277,206,9,11
2024-09-01,,738,485,7,11
2022-03-01,13,140,99,9,14
2024-03-01,20,320,249,8,15
2023-05-01,26,202,101,8,13
2023-02-01,26,142,111,7,11
2020-08-01,17,630,347,10,14
2022-08-01,1,623,469,7,13
2021-08-01,17,507,351,9,16
2021-10-01,24,312,249,11,20
2022-05-01,18,93,79,7,18
2024-09-01,20,315,222,7,9
2020-12-01,,14674,6811,9,11
2024-05-01,7,8923,4185,8,14
2023-07-01,7,10788,5127,9,16
2020-04-01,13,4950,1256,13,17
2020-12-01,5,6147,3323,9,12
2020-11-01,20,1951,956,8,10
2020-04-01,21,3399,1206,11,14
2020-04-01,15,17376,3602,12,15
2020-06-01,6,5308,2515,11,14
2020-09-01,1,1574,973,10,12
2021-03-01,7,10125,4769,12,17
2022-05-01,7,8311,3677,8,14
2023-06-01,7,10016,4094,9,14
2021-03-01,19,218,147,11,17
2023-03-01,6,1113,935,8,12
2021-06-01,14,651,382,11,15
2020-03-01,,9286,3457,15,18
2021-02-01,,2713,1358,10,22
2023-12-01,15,1748,790,8,11
2021-01-01,3,2734,1116,9,12
2021-06-01,23,1275,677,11,16
2020-08-01,7,21731,7640,11,15
2020-10-01,26,689,362,9,11
2020-07-01,6,3354,1869,11,15
2021-02-01,6,1963,1328,10,16
2023-10-01,2,446,391,8,15
2021-03-01,10,1147,776,12,16
2021-01-01,10,4401,2518,9,12
2020-11-01,10,4136,2512,8,10
2022-11-01,15,933,602,8,11
2020-04-01,2,11579,4188,11,15
2022-04-01,7,8732,4162,8,16
2021-02-01,15,1381,699,9,13
2022-04-01,10,1073,769,7,13
2020-05-01,,7515,2888,12,16
2020-06-01,3,3152,926,10,14
2021-06-01,24,1597,794,12,16
2022-08-01,5,783,566,8,14
2021-10-01,3,458,308,9,15
2021-07-01,15,2117,1100,8,12
2024-01-01,11,583,385,8,11
2022-06-01,5,1096,550,8,13
2022-05-01,10,891,611,8,11
2023-04-01,15,1027,621,7,12
2021-01-01,20,1514,803,9,13
2020-10-01,3,2870,1304,8,9
2020-05-01,25,2827,811,11,12
2020-02-01,5,1699,1263,9,14
2022-02-01,10,893,675,8,12
2023-01-01,15,1241,693,8,11
2022-11-01,17,405,258,7,12
2021-03-01,4,409,293,9,13
2021-12-01,24,423,275,10,12
2024-06-01,5,1598,878,8,13
2024-02-01,5,1219,958,7,13
2024-04-01,10,1002,758,8,13
2020-06-01,23,1336,509,14,15
2021-11-01,22,275,184,9,15
2022-01-01,17,531,326,8,12
2021-11-01,18,95,76,8,18
2024-08-01,23,552,227,7,11
2022-09-01,1,581,463,7,14
2023-08-01,,1178,536,10,15
2022-09-01,4,417,236,7,10
2020-05-01,22,3342,1017,11,13
2022-10-01,1,942,706,8,14
2024-04-01,19,151,96,7,16
2023-01-01,17,425,322,7,11
2024-04-01,4,414,266,7,12
2021-04-01,25,538,250,10,12
2021-12-01,15,1210,554,9,12
2022-01-01,1,1629,1055,9,12
2020-01-01,1,1240,890,7,10
2023-05-01,,1021,493,9,14
2022-10-01,6,1132,931,8,12
2024-04-01,20,280,195,8,14
2023-05-01,18,107,75,9,16
2022-02-01,1,697,544,9,14
2022-06-01,3,637,307,8,15
2024-05-01,19,197,112,7,12
2023-06-01,10,1195,734,8,12
2023-07-01,5,1222,891,8,13
2024-09-01,6,982,814,7,10
2023-04-01,24,507,367,8,13
2021-09-01,24,346,230,10,16
2021-05-01,20,923,537,11,14
2024-05-01,5,932,727,7,14
2022-11-01,13,276,183,8,14
2020-01-01,25,389,272,7,10
2020-12-01,22,2350,1128,9,12
2024-05-01,23,295,187,7,13
2022-05-01,26,129,97,7,16
2021-10-01,23,320,207,11,16
2024-05-01,6,1077,878,8,13
2023-02-01,22,362,262,7,10
2024-07-01,17,304,199,8,13
2023-07-01,14,288,183,8,13
2022-03-01,18,72,58,8,10
2023-12-01,18,192,112,7,12
2020-08-01,15,1584,757,11,13
2024-09-01,2,392,334,7,10
2020-03-01,7,114928,22049,15,19
2020-12-01,7,44120,15191,9,12
2024-05-01,,1122,446,8,14
2021-01-01,1,4143,2260,10,15
2020-11-01,15,3661,1637,8,11
2022-07-01,7,8828,3975,8,14
2021-05-01,7,16990,7357,10,12
2024-07-01,13,215,125,7,15
2020-11-01,1,4455,2574,9,11
2020-12-01,14,1477,714,9,14
2020-05-01,3,5564,1645,11,13
2022-07-01,3,674,378,8,13
2021-04-01,2,484,375,11,14
2021-01-01,24,2083,985,10,13
2020-12-01,19,1039,522,8,11
2021-05-01,17,939,466,10,16
2020-12-01,4,2245,1263,8,12
2021-08-01,7,9767,5144,10,18
2020-04-01,5,25668,7771,12,15
2021-06-01,,1399,886,12,18
2024-02-01,14,211,164,8,14
2020-02-01,7,12020,6011,14,20
2020-10-01,15,4230,1672,8,9
2021-05-01,6,2294,1599,10,13
2023-11-01,7,8157,4660,8,15
2022-07-01,4,439,301,7,10
2024-02-01,7,9499,5229,8,15
2023-04-01,7,10790,5306,8,13
2024-01-01,7,11294,5797,8,13
2023-08-01,7,8371,4273,8,15
2023-09-01,7,9216,5021,8,15
2020-04-01,14,4585,1163,12,14
2023-07-01,6,1367,1052,8,13
2022-09-01,2,284,251,8,11
2022-12-01,10,2235,1350,7,10
2024-03-01,5,1288,1010,7,13
2020-12-01,20,2361,1094,9,12
2023-08-01,4,425,291,7,12
2023-07-01,,1200,633,11,16
2023-12-01,22,574,367,8,13
2022-11-01,5,1339,1017,7,12
2023-07-01,4,584,367,8,13
2020-06-01,,3322,1742,15,19
2024-08-01,14,280,144,8,14
2022-07-01,26,194,105,8,11
2022-12-01,4,1175,682,7,10
2020-12-01,10,5830,3186,9,11
2020-09-01,5,1645,1077,9,11
2021-01-01,25,1017,540,9,13
2024-05-01,1,782,590,8,13
2022-11-01,2,481,400,8,11
2024-10-01,22,62,49,7,7
2022-03-01,11,195,158,8,11
2020-05-01,26,1312,446,15,17
2022-01-01,2,847,609,9,11
2023-06-01,,1514,461,10,13
2020-10-01,23,1647,833,8,10
2021-05-01,4,903,545,10,14
2020-01-01,3,4009,575,7,7
2021-08-01,19,316,187,11,20
2021-01-01,15,3409,1590,9,13
2024-01-01,17,519,333,8,11
2021-04-01,5,1301,897,11,15
2021-10-01,15,617,414,10,17
2021-08-01,26,444,292,8,15
2020-03-01,20,4913,1406,14,16
2022-06-01,1,843,480,8,14
2022-12-01,17,700,402,8,11
2021-08-01,10,1278,929,10,15
2020-08-01,10,2206,1288,11,14
2020-07-01,24,1327,578,11,14
2021-09-01,,1539,1178,9,11
2021-07-01,20,924,600,8,12
2021-10-01,22,234,172,10,15
2022-12-01,1,2346,1240,8,11
2023-01-01,24,546,386,8,12
2024-02-01,6,1329,1094,8,13
2021-08-01,25,865,493,8,14
2022-04-01,23,268,188,8,12
2023-08-01,5,998,723,7,14
2022-04-01,6,1023,823,8,15
2024-05-01,25,274,184,8,14
2024-04-01,18,109,75,7,16
2023-10-01,5,1009,810,8,14
2022-08-01,6,813,696,8,12
2021-08-01,4,596,404,10,16
2021-11-01,21,203,149,7,11
2021-07-01,5,2294,1296,9,14
2020-06-01,11,1185,503,10,14
2024-02-01,20,338,252,8,14
2022-06-01,17,321,183,8,14
2023-03-01,24,367,276,8,14
2022-01-01,11,770,440,9,10
2020-01-01,11,564,370,7,9
2020-02-01,20,549,358,8,13
2022-10-01,13,279,184,7,13
2023-04-01,14,226,175,8,13
2022-07-01,19,172,104,8,15
2020-09-01,11,439,290,10,12
2020-01-01,14,358,229,7,10
2023-06-01,2,438,320,8,14
2022-06-01,18,112,60,9,15
2023-12-01,13,471,281,8,11
2023-06-01,25,293,162,7,12
2023-03-01,22,248,197,8,13
2024-10-01,15,371,149,7,7
2024-08-01,11,361,247,7,11
2023-08-01,20,392,234,8,13
2021-03-01,13,255,164,14,17
2023-07-01,18,176,96,7,15
2024-08-01,22,340,235,7,12
2023-12-01,21,371,264,8,11
2024-10-01,24,90,69,7,7
2022-05-01,13,217,126,8,14
2023-03-01,21,139,112,8,12
2022-05-01,25,299,195,9,13
2021-09-01,21,171,143,9,16
2023-04-01,23,423,245,7,10
2024-05-01,18,102,67,7,13
2024-04-01,15,694,430,8,14
2023-06-01,21,214,141,7,12
2024-01-01,20,626,368,7,10
2023-07-01,17,363,241,7,15
2021-10-01,11,227,174,10,18
2022-09-01,13,163,124,7,18
2021-05-01,18,330,175,9,11
2024-09-01,21,157,117,7,10
2023-11-01,18,121,89,7,13
2023-06-01,13,381,136,8,13
2023-11-01,19,219,151,8,14
2022-03-01,21,111,95,7,10
2024-01-01,26,219,144,7,11
2020-04-01,7,209055,35531,14,19
2020-04-01,20,7289,1859,14,17
2020-03-01,10,14894,5397,12,15
2023-09-01,5,1155,935,7,14
2020-03-01,5,14541,5306,13,15
2022-10-01,,932,586,9,15
2023-01-01,22,428,315,8,11
2020-11-01,6,5719,3512,9,10
2020-10-01,6,8304,4460,8,8
2021-11-01,11,323,203,9,14
2022-04-01,15,681,461,8,14
2022-06-01,7,8339,3307,8,14
2023-03-01,1,980,628,7,11
2022-02-01,6,833,687,9,14
2021-05-01,1,1763,1150,9,12
2020-02-01,10,1802,1247,9,14
2021-12-01,2,650,458,9,12
2020-10-01,5,5815,3171,8,10
2020-01-01,,1873,922,7,11
2021-06-01,1,2575,1193,13,16
2024-02-01,3,629,443,7,14
2024-01-01,3,913,585,7,12
2020-02-01,3,1194,626,12,18
2023-06-01,15,869,470,7,13
2024-05-01,10,1022,744,8,13
2024-06-01,7,12235,5023,8,15
2020-10-01,10,5877,3175,8,9
2020-03-01,26,1569,567,14,15
2020-09-01,,2512,1353,13,16
2022-08-01,7,6550,3669,8,14
2020-05-01,5,10549,3990,12,14
2024-02-01,10,1337,989,7,12
2023-05-01,11,296,220,8,13
2022-01-01,,1817,994,10,14
2020-04-01,26,4157,925,11,13
2020-05-01,13,2159,709,12,15
2023-12-01,11,736,453,8,10
2020-08-01,6,2506,1612,10,14
2023-08-01,3,634,404,7,13
2021-06-01,2,1150,674,14,18
2020-05-01,2,4180,1929,12,15
2021-10-01,,1561,1078,9,14
2020-10-01,19,899,422,8,10
2020-05-01,21,1449,590,12,14
2022-05-01,24,470,311,9,13
2023-06-01,24,501,296,8,14
2024-05-01,15,780,397,8,14
2020-11-01,14,1215,611,9,10
2022-05-01,15,705,438,8,14
2020-06-01,15,3590,1122,11,14
2023-11-01,3,693,424,7,13
2022-06-01,4,410,232,8,13
2020-10-01,14,1500,700,8,9
2020-11-01,23,1588,781,8,10
2020-12-01,3,3020,1354,9,13
2023-01-01,,1308,832,10,14
2021-10-01,1,603,472,12,18
2021-04-01,,3694,888,10,17
2022-04-01,24,401,290,8,16
2020-06-01,24,2161,742,12,14
2021-01-01,23,1556,827,9,11
2020-02-01,19,319,189,10,14
2024-08-01,2,481,406,7,11
2023-02-01,5,1276,996,7,10
2023-08-01,2,443,364,7,12
2021-09-01,2,267,229,12,17
2022-02-01,24,435,312,8,11
2021-03-01,15,846,527,10,14
2024-04-01,24,382,271,9,15
2023-07-01,10,1221,867,8,14
2020-09-01,22,692,386,10,11
2022-10-01,24,468,354,8,14
2023-07-01,1,1109,772,8,14
2024-04-01,23,307,185,8,14
2024-10-01,25,67,58,7,7
2022-09-01,,670,440,10,16
2023-11-01,10,1179,914,8,12
2022-12-01,3,1278,720,7,11
2020-09-01,24,835,435,10,13
2023-05-01,2,374,323,8,12
2022-02-01,2,375,311,11,15
2021-10-01,6,775,633,11,17
2023-10-01,20,342,252,7,14
2021-05-01,10,2047,1290,9,12
2022-06-01,25,316,170,8,13
2021-08-01,3,777,479,8,15
2021-04-01,11,488,271,9,12
2021-06-01,13,662,314,24,30
2021-05-01,19,453,237,11,16
2023-04-01,2,585,442,8,11
2023-12-01,2,965,686,8,11
2024-05-01,17,333,207,7,14
2021-06-01,25,940,466,11,15
2024-06-01,19,371,148,8,14
2020-06-01,22,1573,595,13,15
2022-12-01,26,317,193,8,11
2024-07-01,11,272,205,8,13
2023-12-01,1,2380,1335,8,11
2023-09-01,4,622,357,7,12
2023-09-01,20,347,227,8,14
2023-02-01,24,484,320,8,12
2020-04-01,6,33852,10376,12,17
2023-10-01,6,1079,939,8,14
2023-01-01,7,10661,5572,8,12
2020-12-01,1,6589,3300,8,12
2024-07-01,14,447,147,8,11
2020-05-01,15,7130,1934,11,14
2020-04-01,1,21938,6851,12,16
2021-12-01,7,7975,3922,9,14
2022-12-01,15,1671,816,8,11
2020-03-01,25,3482,1039,12,14
2020-03-01,1,11089,4322,14,17
2023-03-01,19,402,137,8,10
2024-01-01,15,1425,710,8,11
2020-04-01,22,7497,2105,12,16
2020-07-01,2,1420,666,11,13
2023-03-01,7,7504,4217,8,13
2021-07-01,6,2184,1446,11,15
2020-04-01,10,25421,7852,12,16
2022-04-01,,1923,1158,8,11
2021-09-01,4,490,258,9,13
2023-09-01,21,151,125,8,12
2020-04-01,25,10917,1575,11,12
2021-02-01,1,1408,913,11,16
2021-02-01,7,13547,5761,11,15
2021-09-01,7,5688,3261,11,18
2021-01-01,11,1272,710,9,12
2021-05-01,2,745,551,11,13
2024-08-01,10,1224,912,7,12
2021-07-01,4,1438,726,8,11
2023-11-01,22,441,276,8,13
2023-12-01,7,12720,6091,8,13
2022-12-01,24,771,466,8,11
2020-09-01,14,415,246,10,12
2021-02-01,25,560,301,10,13
2021-10-01,7,5849,3194,11,20
2021-07-01,23,1200,675,8,12
2024-08-01,7,9971,5212,7,13
2023-05-01,6,1080,874,8,13
2020-06-01,20,1674,630,13,15
2020-03-01,24,5462,1597,13,15
2020-09-01,10,1758,1143,9,11
2024-04-01,5,991,789,7,13
2020-10-01,11,1469,777,8,9
2024-06-01,,1001,599,9,19
2021-07-01,1,1849,1094,11,15
2021-11-01,19,206,115,8,13
2022-11-01,6,1149,930,8,14
2021-04-01,15,1139,647,11,13
2021-11-01,10,876,644,9,14
2021-03-01,5,1144,788,11,14
2024-02-01,2,515,427,7,11
2023-04-01,10,1338,969,8,10
2020-07-01,20,1056,470,13,15
2021-11-01,23,424,224,8,12
2022-11-01,23,581,333,7,9
2020-03-01,17,3716,1224,14,17
2021-12-01,10,1571,913,8,12
2020-01-01,23,526,325,7,10
2021-08-01,15,1036,665,9,14
2020-11-01,11,1169,710,9,11
2020-10-01,24,2380,1207,10,11
2020-02-01,,1648,927,12,17
2021-09-01,10,794,610,11,16
2023-06-01,5,1293,724,8,13
2021-09-01,17,291,196,10,18
2020-08-01,24,978,534,13,15
2020-10-01,22,2110,1006,9,10
2022-07-01,25,311,188,9,13
2021-11-01,3,569,354,9,15
2023-08-01,15,686,446,7,13
2021-12-01,3,845,491,9,13
2020-03-01,13,3039,933,15,18
2021-02-01,20,592,338,11,13
2024-07-01,4,462,303,7,13
2020-07-01,19,1473,253,10,11
2024-07-01,6,1178,937,8,13
2021-08-01,2,435,371,11,19
2023-11-01,15,859,523,8,13
2022-03-01,10,769,600,8,12
2022-07-01,15,718,432,8,12
2021-02-01,4,805,496,11,14
2023-09-01,17,394,228,7,13
2023-01-01,4,919,550,7,10
2024-06-01,24,560,312,8,15
2021-05-01,22,1010,523,14,19
2024-03-01,1,981,761,8,14
2024-02-01,,919,620,9,15
2024-07-01,20,331,250,8,16
2020-08-01,26,289,169,11,13
2024-05-01,21,150,114,7,12
2023-03-01,20,271,193,7,11
2021-06-01,3,1789,672,10,16
2020-02-01,21,311,227,7,10
2022-06-01,2,371,243,8,14
2023-09-01,2,442,389,8,13
2021-07-01,25,964,514,9,13
2020-08-01,21,357,236,11,13
2021-04-01,24,816,381,10,13
2024-03-01,6,1354,1126,8,13
2023-07-01,21,175,141,7,13
2020-02-01,1,1356,1014,11,15
2022-07-01,23,485,200,8,11
2023-03-01,4,467,259,7,10
2023-01-01,10,1647,1129,8,10
2024-08-01,4,461,332,7,12
2023-02-01,23,389,231,8,9
2023-04-01,4,629,419,7,11
2022-09-01,3,416,307,7,14
2021-11-01,14,209,146,8,14
2024-05-01,2,374,324,7,14
2022-11-01,10,1190,848,8,12
2021-12-01,19,208,125,8,15
2022-12-01,25,598,333,8,11
2022-04-01,5,1042,759,8,15
2023-02-01,15,881,561,8,11
2021-04-01,14,300,186,12,14
2021-05-01,13,485,293,9,12
2021-08-01,13,344,232,8,15
2023-01-01,20,491,347,8,11
2022-06-01,21,174,119,7,11
2022-02-01,5,910,659,8,12
2021-03-01,3,675,402,11,15
2021-06-01,19,539,283,11,16
2023-07-01,13,350,161,8,15
2023-07-01,26,162,112,8,13
2024-01-01,13,460,258,8,10
2020-02-01,2,760,598,10,14
2021-10-01,14,205,135,9,20
2021-11-01,5,980,707,9,16
2022-02-01,3,953,358,8,10
2024-08-01,19,211,128,7,15
2020-08-01,11,505,332,10,13
2020-02-01,13,388,238,10,14
2023-10-01,1,841,694,8,13
2024-09-01,3,565,341,7,10
2022-05-01,5,793,599,8,14
2023-03-01,13,226,136,8,11
2023-07-01,2,484,401,8,15
2023-01-01,26,204,154,8,10
2021-03-01,14,261,157,12,15
2024-09-01,17,263,193,7,9
2023-09-01,25,301,198,7,12
2024-02-01,21,165,134,8,15
2022-11-01,14,287,214,8,13
2023-10-01,22,620,247,8,12
2024-02-01,25,358,182,8,15
2024-02-01,13,262,177,8,15
2021-02-01,17,595,354,11,15
2020-08-01,13,449,263,12,14
2023-09-01,13,745,171,8,11
2023-05-01,4,535,322,8,14
2021-10-01,26,125,92,10,18
2023-04-01,25,338,226,7,10
2024-06-01,2,560,400,8,13
2023-04-01,19,243,158,7,14
2021-09-01,19,169,114,9,20
2021-12-01,26,187,125,9,11
2021-08-01,21,322,252,9,15
2024-02-01,18,90,76,8,18
2023-06-01,26,211,117,8,13
2023-12-01,26,255,166,8,11
2024-08-01,18,119,78,7,14
2021-09-01,26,183,116,9,14
2021-05-01,21,475,295,10,13
2022-03-01,20,206,162,8,15
2022-03-01,14,128,105,8,14
2022-04-01,14,178,134,8,11
2023-03-01,26,100,74,7,12
2023-11-01,13,220,158,8,12
2022-06-01,13,249,95,9,15
2022-07-01,18,98,65,7,12
2023-01-01,19,260,184,8,12
2021-09-01,20,284,227,11,15
2023-04-01,18,148,98,7,14
2024-05-01,13,205,115,8,14
2024-05-01,26,119,93,8,13
2024-08-01,26,135,95,8,11
2024-10-01,,151,115,7,7
2024-09-01,15,818,432,7,10
2021-10-01,25,267,184,10,16
2021-05-01,14,580,329,10,13
2020-08-01,14,463,255,11,14
2023-08-01,22,341,247,7,13
2022-10-01,11,347,273,7,10
2022-01-01,22,645,371,9,11
2021-10-01,10,787,607,9,16
2022-08-01,10,824,621,7,12
2021-01-01,18,434,230,9,14
2021-07-01,2,1074,582,11,16
2021-04-01,22,533,305,12,15
2023-01-01,25,362,238,9,11
2021-09-01,23,511,259,9,14
2022-07-01,5,1006,663,8,12
2021-09-01,25,364,199,9,17
2022-01-01,13,541,273,10,13
2021-09-01,11,242,186,10,14
2024-06-01,20,414,258,8,15
2022-04-01,4,437,279,8,14
2020-07-01,25,741,351,12,14
2020-11-01,7,32485,12233,9,11
2020-05-01,24,4220,1328,11,13
2020-10-01,7,47393,15286,9,10
2023-12-01,6,1747,1309,8,12
2021-01-01,6,5311,3232,10,16
2023-10-01,7,8313,4607,8,16
2021-01-01,7,31804,11975,10,15
2020-07-01,4,1094,528,11,14
2021-06-01,15,2289,1125,12,16
2020-10-01,4,2068,1118,9,11
2024-04-01,6,1135,949,8,13
2021-01-01,17,1359,727,9,14
2020-03-01,11,3236,1426,12,14
2020-03-01,3,7383,2034,12,15
2020-01-01,22,528,317,7,9
2021-01-01,4,1899,1074,9,12
2020-06-01,10,4673,1998,12,16
2021-12-01,6,1156,782,10,14
2024-03-01,,1010,653,9,17
2020-07-01,10,3209,1526,11,14
2020-12-01,2,2793,1690,9,13
2020-06-01,1,3781,1668,14,18
2020-08-01,19,595,238,10,11
2020-11-01,4,1783,1035,9,11
2024-04-01,7,8749,4555,8,14
2020-06-01,4,1739,702,13,16
2024-04-01,14,210,137,7,14
2020-08-01,4,761,493,10,12
2022-05-01,6,885,668,8,14
2021-03-01,1,998,598,12,16
2021-02-01,2,751,555,10,14
2020-07-01,15,2842,881,10,13
2021-11-01,15,662,396,9,14
2021-01-01,19,726,366,10,15
2021-06-01,17,1390,681,8,10
2020-06-01,17,1328,535,11,16
2024-10-01,7,1960,1341,7,7
2022-12-01,5,2544,1541,7,11
2020-08-01,20,833,436,11,12
2023-04-01,21,202,164,8,11
2022-12-01,14,526,327,8,10
2024-07-01,,939,543,9,17
2024-01-01,14,374,270,7,11
2021-05-01,5,1885,1269,11,14
2023-08-01,11,303,193,8,14
2020-10-01,20,2476,972,8,10
2022-04-01,20,347,257,8,14
2022-03-01,25,178,142,9,12
2022-01-01,24,736,425,8,10
2023-06-01,6,1281,818,8,13
2021-05-01,26,441,247,11,15
2022-02-01,15,642,404,8,10
2023-02-01,,984,643,10,14
2022-09-01,15,535,377,8,12
2021-03-01,6,1216,880,12,16
2021-08-01,5,1153,876,9,16
2020-07-01,1,2660,1312,11,14
2023-11-01,5,1306,986,8,13
2023-01-01,1,1354,1003,8,11
2023-04-01,13,363,185,8,13
2023-12-01,24,714,433,8,12
2020-07-01,17,794,383,11,15
2020-11-01,19,904,433,9,12
2022-06-01,26,214,106,8,12
2020-06-01,25,1077,427,11,14
2020-01-01,24,662,395,7,10
2024-01-01,5,1888,1369,8,11
2020-05-01,11,2396,1001,10,12
2024-06-01,10,1491,946,7,13
2021-07-01,13,531,353,9,12
2023-11-01,14,208,159,8,14
2024-09-01,24,310,235,7,10
2022-11-01,1,1342,973,8,12
2024-07-01,1,930,594,8,13
2021-11-01,6,786,649,10,17
2023-05-01,15,769,494,7,13
2020-08-01,23,747,416,10,11
2021-11-01,,2427,1714,10,18
2023-05-01,22,314,221,9,14
2023-09-01,11,334,254,8,13
2022-11-01,22,528,317,8,12
2023-06-01,1,1011,629,8,13
2024-06-01,4,577,352,8,15
2021-12-01,13,343,174,9,11
2024-08-01,13,700,171,7,11
2021-02-01,11,616,391,10,12
2022-11-01,21,304,180,8,10
2021-12-01,23,488,289,8,10
2024-06-01,17,432,244,8,14
2020-12-01,11,1551,837,8,11
2020-01-01,18,138,99,7,15
2021-07-01,,1951,1334,11,17
2022-05-01,14,201,122,8,17
2021-08-01,14,576,371,9,17
2022-09-01,24,358,266,7,14
2023-08-01,24,425,286,8,14
2024-03-01,2,530,451,8,14
2022-02-01,23,306,206,8,10
2020-09-01,17,564,331,10,12
2023-02-01,11,367,270,7,10
2022-03-01,,777,555,9,13
2020-09-01,13,568,236,9,10
2021-07-01,21,589,406,9,12
2024-08-01,25,363,212,8,12
2021-10-01,19,146,105,8,18
2022-11-01,,978,576,9,15
2022-09-01,22,217,171,9,16
2023-07-01,23,490,281,7,12
2023-05-01,24,437,292,8,15
2022-04-01,18,102,76,7,14
2023-03-01,15,659,430,8,13
2024-03-01,21,138,117,7,10
2020-01-01,2,732,554,8,10
2021-06-01,18,450,206,8,10
2022-08-01,19,122,95,7,12
2024-07-01,25,308,170,7,12
2024-03-01,13,276,162,8,13
2023-09-01,3,782,446,7,14
2022-04-01,17,293,221,9,18
2021-10-01,18,113,83,8,18
2022-01-01,21,404,261,8,10
2020-09-01,21,289,184,10,12
2022-01-01,18,166,97,9,13
2024-02-01,26,142,90,8,13
2023-01-01,18,202,128,7,12
2023-09-01,26,136,116,8,14
2023-06-01,20,342,206,7,11
2023-11-01,26,197,146,8,11
2022-08-01,17,195,153,8,14
2020-09-01,25,440,246,11,14
2022-02-01,18,79,58,7,11
2024-10-01,19,47,38,7,7
2024-10-01,17,65,60,7,7
2022-09-01,18,99,74,7,12
2024-10-01,26,23,20,7,7
2024-10-01,18,19,19,7,7
2022-10-01,23,422,295,7,10
2024-03-01,15,845,493,7,15
2023-03-01,10,1024,759,7,10
2020-06-01,14,1075,383,20,25
2024-03-01,22,361,246,8,14
2021-11-01,1,872,598,9,15
2021-09-01,18,90,75,9,16
2023-12-01,19,322,199,7,13
2022-10-01,17,393,263,8,16
2023-05-01,17,329,207,8,12
2023-10-01,21,242,162,7,13
2023-09-01,24,457,298,7,17
2022-12-01,,1565,826,9,13
2023-04-01,6,1473,1154,8,12
2020-10-01,21,888,503,8,9
2021-10-01,20,260,198,11,17
2023-09-01,22,422,276,8,14
2023-12-01,20,680,390,8,12
2020-11-01,13,992,511,9,11
2021-04-01,13,334,187,11,12
2022-12-01,21,384,263,7,9
2024-04-01,3,569,382,7,14
2024-08-01,6,1289,1052,7,13
2022-12-01,13,518,278,8,11
2022-09-01,6,786,673,8,14
2024-06-01,14,309,182,7,14
2021-04-01,6,1517,1106,12,15
2020-02-01,11,566,402,9,13
2024-05-01,4,416,277,7,13
2024-03-01,11,304,240,7,13
2022-09-01,10,779,621,7,11
2023-11-01,2,532,425,8,12
2024-09-01,10,831,664,7,9
2022-09-01,19,150,112,7,17
2021-02-01,18,200,120,9,13
2021-02-01,22,754,389,9,12
2024-01-01,18,195,126,7,10
2023-08-01,25,247,173,8,12
2023-08-01,17,342,227,7,14
2023-10-01,11,288,231,7,14
2022-02-01,26,146,104,9,16
2024-01-01,25,457,278,7,11
2021-04-01,18,223,109,10,14
2022-07-01,,945,516,9,14
2023-09-01,18,123,91,7,15
2024-09-01,26,95,82,7,11
2022-07-01,1,810,541,9,15
2021-03-01,23,472,238,12,14
2023-05-01,19,190,107,7,12
2021-11-01,17,259,196,9,16
2023-06-01,17,378,224,8,15
2021-12-01,20,482,283,9,11
2023-02-01,18,112,86,7,11
2024-02-01,11,339,276,8,12
2022-02-01,4,429,299,9,11
2024-09-01,18,95,76,7,8
2022-07-01,13,224,130,9,13
2021-11-01,25,249,167,8,13
2021-12-01,17,367,240,9,12
2023-02-01,13,243,150,7,10
2023-06-01,3,687,355,7,14
2024-08-01,20,404,289,7,14
2022-09-01,14,160,121,7,13
2023-02-01,21,165,131,8,10
2023-11-01,,983,625,9,14
2020-11-01,5,4486,2625,8,10
2021-12-01,4,773,461,9,11
2020-03-01,2,6915,2913,12,15
2023-01-01,14,371,237,8,12
2021-06-01,4,1125,631,13,17
2021-01-01,5,4425,2528,9,14
2020-01-01,15,1518,761,7,11
2020-01-01,6,1438,1157,7,10
2020-04-01,11,6004,1998,11,15
2020-05-01,18,792,302,10,12
2022-03-01,6,746,611,9,15
2023-10-01,15,844,531,8,14
2023-05-01,1,832,617,8,13
2024-01-01,1,1446,1055,8,12
2020-06-01,5,4743,1952,12,16
2020-04-01,,15973,5577,16,20
2020-03-01,21,2181,935,11,13
2020-05-01,1,8217,3218,10,13
2023-01-01,6,1563,1242,8,11
2020-09-01,15,1235,665,9,12
2023-12-01,10,2216,1344,7,10
2020-11-01,3,2304,1166,9,12
2021-06-01,7,19437,7802,11,14
2021-06-01,20,1142,581,11,16
2020-04-01,24,9816,2449,13,16
2021-05-01,,1985,1059,11,18
2020-09-01,6,2056,1417,10,12
2024-09-01,4,388,275,7,9
2021-07-01,24,1817,941,9,12
2023-04-01,,1197,600,9,13
2023-07-01,3,760,446,7,13
2020-11-01,2,1803,1269,9,11
2024-01-01,2,754,572,8,11
2020-02-01,22,548,321,10,14
2021-06-01,6,2855,1817,10,14
2023-12-01,4,1196,671,7,11
2023-05-01,10,1005,770,8,13
2020-10-01,2,2682,1674,8,9
2024-03-01,24,412,287,7,15
2024-07-01,15,1028,462,7,13
2022-01-01,23,668,365,8,10
2022-12-01,22,655,425,7,10
2020-08-01,5,2107,1322,10,14
2022-10-01,4,620,407,8,12
2020-08-01,2,871,572,10,15
2022-02-01,7,5644,3252,9,15
2020-03-01,18,1039,329,11,13
2021-01-01,14,1010,567,11,14
2020-12-01,13,1325,635,9,14
2023-05-01,25,644,186,9,14
2022-03-01,15,505,344,8,13
2020-10-01,13,1270,619,11,12
2020-12-01,21,912,578,10,14
2022-08-01,3,505,322,7,13
2020-11-01,21,817,512,10,11
2020-11-01,26,575,347,9,10
2021-11-01,4,484,331,9,12
2024-06-01,11,388,247,7,13
2021-07-01,22,1447,824,9,12
2020-08-01,3,1467,662,10,14
2022-11-01,24,505,354,9,15
2021-02-01,24,1043,556,11,14
2022-07-01,2,366,288,8,13
2024-09-01,7,7120,4060,7,10
2022-01-01,6,1606,1158,10,14
2020-07-01,14,919,293,10,11
2022-12-01,2,968,674,7,11
2022-05-01,3,517,333,7,15
2020-03-01,22,4808,1502,14,16
2022-01-01,15,1636,789,9,11
2023-02-01,17,352,253,7,12
2023-04-01,1,1122,780,8,12
2022-01-01,14,522,283,9,11
2020-07-01,23,1086,436,10,11
2023-01-01,5,1673,1238,7,10
2023-02-01,2,527,427,7,10
2022-09-01,5,765,647,8,12
2023-10-01,24,430,264,8,14
2024-01-01,21,371,246,7,10
2023-06-01,4,833,318,7,10
2021-01-01,26,612,349,11,16
2024-07-01,23,478,212,7,13
2022-09-01,23,307,218,8,12
2021-07-01,11,740,448,9,12
2020-05-01,17,2915,960,10,12
2023-08-01,1,808,603,8,14
2023-10-01,13,268,158,7,14
2023-11-01,21,226,154,8,10
2021-04-01,23,811,323,10,12
2023-12-01,17,566,342,7,12
2022-03-01,23,221,167,7,10
2024-06-01,3,984,406,7,12
2020-12-01,25,1317,666,9,14
2021-10-01,5,716,616,10,19
2023-02-01,1,1408,760,8,11
2023-09-01,,1209,633,9,16
2023-12-01,14,420,252,7,12
2024-05-01,3,501,318,7,14
2020-09-01,23,619,356,9,10
2022-06-01,14,178,116,7,15
2023-07-01,20,379,276,8,18
2022-07-01,21,120,98,9,18
2021-09-01,14,229,142,10,18
2024-10-01,14,59,51,7,7
2024-10-01,11,71,54,7,7
2024-09-01,19,156,112,7,9
2022-08-01,14,140,110,7,11
2022-07-01,24,496,284,9,14
2023-05-01,5,938,723,7,13
2021-02-01,23,775,397,9,12
2022-06-01,11,301,188,7,14
2023-03-01,2,462,375,8,11
2024-02-01,22,336,252,8,14
2021-10-01,2,302,263,12,20
2022-08-01,,795,466,9,12
2021-06-01,26,507,321,11,17
2021-04-01,4,676,393,10,13
2020-04-01,19,2963,866,12,17
2023-11-01,1,1054,800,8,12
2023-03-01,5,998,779,7,11
2020-07-01,21,510,243,10,12
2024-10-01,2,100,90,7,7
2023-05-01,23,355,223,8,14
2021-05-01,11,799,461,9,11
2020-11-01,18,388,218,9,16
2020-09-01,19,353,209,9,11
2022-03-01,4,335,220,8,11
2020-09-01,20,739,383,10,12
2020-01-01,17,459,294,7,12
2023-11-01,25,372,211,8,12
2024-02-01,15,692,464,7,14
2021-12-01,14,256,179,9,12
2024-03-01,4,593,371,7,12
2022-05-01,22,371,235,8,12
2020-01-01,20,527,359,7,10
2024-04-01,22,278,204,8,16
2021-03-01,26,233,119,11,15
2021-02-01,26,355,190,11,15
2023-10-01,25,303,203,8,13
2022-08-01,21,108,96,7,10
2022-11-01,20,466,326,8,13
2021-02-01,14,388,220,10,12
2021-04-01,17,477,281,10,12
2024-06-01,18,316,92,8,17
2023-07-01,11,339,253,8,15
2023-07-01,15,878,520,8,13
2024-06-01,22,425,246,8,13
2023-11-01,11,390,276,7,13
2023-06-01,22,448,224,8,12
2022-12-01,11,738,458,7,10
2020-06-01,26,534,278,12,14
2024-02-01,17,316,237,8,15
2024-08-01,17,329,239,7,13
2024-09-01,14,202,126,7,9
2022-10-01,14,316,208,9,13
2023-02-01,14,244,157,7,12
2023-10-01,19,197,124,7,15
2020-02-01,25,409,267,8,13
2022-04-01,21,139,105,7,11
2020-02-01,18,156,102,7,11
2024-06-01,13,303,156,9,15
2023-10-01,18,158,82,7,11
2024-07-01,19,181,107,7,15
2022-10-01,20,395,288,7,14
2022-04-01,22,269,197,8,13
2024-06-01,21,196,128,8,12
2024-03-01,26,117,92,7,14
2022-08-01,13,126,98,9,16
2022-11-01,19,235,158,8,12
2022-11-01,26,234,162,8,11
2023-08-01,23,291,208,8,15
2022-09-01,20,252,196,8,12
2023-08-01,14,183,125,8,16
2024-03-01,19,220,137,8,17
2023-06-01,14,202,125,7,13
2022-02-01,14,158,124,8,11
2024-10-01,21,39,32,7,7
2020-06-01,19,1072,313,11,15
2024-01-01,,1386,813,9,12
2023-08-01,13,256,140,7,13
2022-04-01,26,137,95,8,10
2021-09-01,15,548,391,10,18
2023-03-01,23,237,172,7,10
2022-08-01,26,96,83,8,14
2024-08-01,15,1125,536,7,13
2023-06-01,19,213,111,8,14
2021-09-01,6,736,634,12,16
2022-05-01,20,412,235,8,14
2022-04-01,3,759,401,7,13
2021-04-01,1,1048,704,13,17
2021-03-01,18,149,87,10,14
2023-08-01,18,111,60,8,12
2021-10-01,17,238,181,10,16
2022-11-01,25,496,335,8,13
2022-03-01,1,530,437,8,13
2022-07-01,11,340,205,8,11
2023-06-01,18,132,78,7,14
2022-08-01,4,352,249,8,11
2023-04-01,11,356,278,7,12
2021-01-01,,9609,4847,9,25
2020-11-01,,9248,4404,9,10
2022-11-01,7,7997,4495,8,14
2020-03-01,23,5259,1234,11,12
2020-04-01,17,5746,1702,13,17
2020-09-01,7,17633,6576,10,12
2020-03-01,15,10315,2664,13,15
2020-04-01,4,9908,2764,11,13
2023-09-01,15,812,516,7,14
2020-03-01,6,17746,6499,14,17
2024-09-01,5,869,708,7,10
2022-01-01,7,10867,5310,9,15
2020-06-01,7,47831,10972,11,16
2021-07-01,7,20637,7107,11,14
2020-12-01,15,4907,1989,8,11
2021-06-01,10,2350,1377,12,15
2020-10-01,25,1351,606,9,11
2023-12-01,5,2488,1501,7,11
2020-10-01,,9783,4413,9,10
2020-07-01,7,30958,8674,12,15
2020-05-01,6,12871,5027,10,13
2021-07-01,10,2108,1279,10,13
2021-04-01,10,1725,911,10,12
2023-03-01,3,1480,379,7,9
2022-10-01,7,8707,4625,8,15
2020-05-01,10,10389,3978,10,12
2020-12-01,6,7897,4386,8,11
2024-03-01,7,9924,5414,8,15
2020-05-01,23,3050,899,10,12
2023-06-01,11,369,225,7,14
2022-01-01,4,1246,700,8,10
2021-02-01,5,1764,1136,11,14
2020-04-01,18,1690,479,13,18
2024-03-01,18,116,86,7,14
2024-07-01,7,9407,4568,8,14
2023-01-01,3,886,573,8,11
2020-03-01,14,2222,783,13,15
2020-12-01,23,1900,994,9,11
2022-03-01,7,5273,3125,9,16
2020-07-01,5,2831,1403,11,14
2022-03-01,19,121,95,9,19
2023-02-01,6,1265,1012,8,11
2024-03-01,3,771,477,7,14
2021-07-01,3,1553,806,9,13
2024-03-01,10,1303,965,8,12
2024-08-01,3,680,397,7,13
2022-01-01,10,2141,1265,9,11
2021-08-01,6,1308,1044,10,18
2020-01-01,4,1128,578,7,9
2020-02-01,15,1455,739,9,13
2023-04-01,3,874,501,7,12
2022-08-01,22,247,181,8,12
2023-04-01,17,450,282,8,12
2020-12-01,24,2330,1212,10,14
2024-07-01,10,1014,741,7,13
2023-02-01,10,1267,968,7,10
2021-02-01,10,1900,1152,9,13
2024-04-01,11,284,209,8,16
2023-08-01,6,1084,834,8,13
2022-04-01,13,222,142,9,18
2020-08-01,1,1910,1123,12,15
2021-07-01,18,337,200,8,11
2021-08-01,,1693,1273,10,14
2022-05-01,11,369,207,7,12
2021-05-01,15,1906,1003,11,14
2024-03-01,23,453,203,7,12
2024-02-01,1,1035,800,7,13
2020-08-01,,2536,1317,14,19
2022-01-01,19,356,212,8,11
2020-09-01,4,700,450,9,10
2021-01-01,22,1626,840,10,14
2020-05-01,14,2559,643,12,14
2022-08-01,2,338,259,8,12
2024-01-01,23,643,342,7,10
2024-01-01,24,732,442,8,12
2023-10-01,4,446,326,7,13
2021-04-01,20,483,307,11,16
2020-02-01,23,561,337,8,12
2023-10-01,,976,556,9,15
2023-05-01,3,572,356,7,14
2022-01-01,20,782,402,9,11
2023-09-01,1,928,742,7,14
2021-02-01,19,288,175,9,14
2023-07-01,24,568,348,8,14
2022-11-01,4,663,448,8,11
2022-10-01,5,1081,854,7,12
2023-10-01,10,1021,812,8,13
2024-05-01,24,362,244,7,17
2020-06-01,21,829,338,12,13
2023-11-01,24,449,319,8,15
2023-12-01,3,1256,724,7,12
2021-08-01,11,383,303,10,17
2022-10-01,19,194,137,7,14
2021-07-01,19,559,282,10,14
2021-02-01,3,1187,557,10,12
2021-09-01,3,494,324,11,17
2021-03-01,20,425,270,10,11
2024-03-01,25,285,198,8,13
2021-08-01,24,877,617,9,16
2022-05-01,,1779,743,8,10
2024-10-01,3,124,109,7,7
2022-02-01,19,153,97,9,14
2024-08-01,24,426,306,7,14
2022-01-01,25,466,266,9,11
2024-06-01,26,194,113,7,12
2022-10-01,10,1068,858,7,12
2022-05-01,17,367,226,8,13
2024-05-01,14,181,119,8,15
2022-07-01,22,352,244,9,14
2023-02-01,25,298,199,8,12
2023-06-01,23,424,219,8,11
2020-01-01,13,441,242,7,12
2024-01-01,22,588,383,9,12
2022-09-01,17,279,192,7,13
2022-05-01,4,378,227,7,12
2023-08-01,21,166,126,8,11
2023-07-01,19,235,134,8,14
2022-10-01,25,347,241,8,14
2024-09-01,1,801,611,7,10
2022-03-01,17,211,157,9,16
2023-01-01,23,496,311,7,10
2022-02-01,20,278,204,9,13
2022-04-01,19,219,118,8,17
2024-04-01,26,127,86,7,12
2024-07-01,18,153,83,7,15
2023-04-01,22,397,252,8,13
2022-09-01,25,191,151,8,14
2020-01-01,21,330,239,7,8
2024-10-01,5,273,231,7,7
2021-04-01,21,228,150,11,13
2022-05-01,19,224,123,8,14
2021-11-01,24,316,228,10,16
2022-10-01,18,141,99,7,12
2022-08-01,20,267,205,8,17
2021-03-01,17,363,222,10,16
2023-03-01,14,166,133,8,15
2023-12-01,23,738,413,8,11
2022-11-01,18,165,100,8,20
2024-09-01,23,246,160,7,9
2022-02-01,17,229,170,8,11
2021-03-01,25,344,209,10,16
2021-12-01,18,120,87,8,15
2024-05-01,20,274,184,8,16
2024-08-01,,1276,633,8,15
2021-02-01,13,438,227,9,14
2021-03-01,,1393,822,12,20
2021-12-01,1,1829,934,8,12
2022-06-01,10,1024,557,8,12
2021-05-01,3,1354,755,9,12
2024-10-01,6,263,236,7,7
2022-10-01,15,1003,690,7,12
2021-09-01,1,510,382,12,19
2023-03-01,25,227,172,8,14
2024-08-01,1,954,752,7,12
2021-03-01,22,424,276,12,16
2023-11-01,20,366,275,8,12
2020-02-01,4,830,543,8,10
2021-10-01,4,363,266,10,16
2021-08-01,23,703,425,9,14
2024-10-01,10,250,220,7,7
2023-10-01,14,231,174,8,14
2020-12-01,26,850,472,9,14
2022-12-01,20,759,454,8,10
2022-10-01,22,400,287,8,14
2024-06-01,23,477,273,7,12
2022-07-01,17,320,190,8,13
2020-09-01,18,241,118,10,13
2020-02-01,26,317,163,7,10
2021-12-01,21,243,165,9,10
2021-09-01,13,210,135,10,18
2023-07-01,25,376,208,7,12
2021-03-01,11,338,237,12,15
2021-12-01,25,385,225,8,13
2023-12-01,25,473,303,8,12
2022-05-01,23,307,168,8,10
2024-02-01,4,569,357,7,12
2022-08-01,23,244,170,9,14
2022-03-01,22,211,146,10,15
2024-04-01,17,259,192,8,11
2024-09-01,13,433,129,7,10
2020-07-01,22,1013,474,11,14
2023-10-01,23,543,261,7,12
2022-11-01,11,418,284,8,11
2022-08-01,18,75,49,7,13
2021-03-01,24,524,308,12,16
2022-03-01,24,282,210,8,14
2024-09-01,25,232,167,7,9
2021-02-01,21,354,237,9,11
2021-06-01,21,566,353,12,16
2020-07-01,18,318,142,11,17
2024-08-01,21,151,123,7,12
2023-03-01,17,282,194,7,10
2024-10-01,1,195,177,7,7
2021-11-01,13,215,147,8,13
2024-07-01,24,430,257,8,13
2023-11-01,17,398,238,8,14
2024-02-01,19,187,126,7,14
2024-07-01,22,331,237,8,13
2020-06-01,18,361,168,12,15
2022-06-01,20,397,187,8,15
